<?xml version="1.0" encoding="UTF-8"?>
    <addon id="repository.claytv" name="[COLOR purple] ClayTv Repo [/COLOR]" version="0.1.0" provider-name="Doug Mcdonald">
        <requires>
            <import addon="xbmc.addon" version="12.0.0"/>
        </requires>
        <extension point="xbmc.addon.repository" name="[COLOR purple] ClayTv Repo [/COLOR]">
            <info compressed="false">https://claymore.comli.com/_repo/addons.xml</info>
            <checksum>https://claymore.comli.com/_repo/addons.xml.md5</checksum>
            <datadir zip="true">https://claymore.comli.com/_repo/</datadir>
            <hashes>false</hashes>
        </extension>
        <extension point="xbmc.addon.metadata">
            <summary>this addon is a repository for clay tv addons</summary>
            <description>welcome this addon is stoll in beta!!</description>
            <platform>all</platform>
    </extension>
</addon>